{
	"PYTHONUNBUFFERED": "1",
	"admin-log-length": "200",
	"default-log-length": "1000",
	"requests-timeout": "15000",
	"is-master": "true",
	"telegram-api-token": "replaceme",
	"telegram-channel": "123456789",
	"db-user": "root",
	"db-passwd": "sentinelroot",
	"db-host": "sentinel-db",
	"db-port": "3306",
	"smtp-server": "x.y.z",
	"smtp-port": "587",
	"sender-email": "a@b.com",
	"sender-email-password": "passpasspass",
	"email-recipients": "[]",
	"platform-url": "http://internal_test_docker_sentinel.com",
	"platform-explanation": "Internal docker experimental microx",
	"load-threshold": "30",
	"memory-threshold": "1",
	"running_as_kubernetes": "False",
	"conf_path": "/confs",
	"namespaces": "[]",
	"UNSAFE_MODE": "true",
	"database_update_frequency": "5",
	"error_notification_frequency": "5",
	"APPLICATION_ROOT": "/",
	"cluster-secret": "This is a super secret",
	"is-multi": "False"
}
